category,tool_name,tool_page,blog_page,blog_url
Basic PDF Tools,JPG to PDF,jpg-to-pdf.html,jpg-to-pdf-blog.html,https://uti-mate.com/jpg-to-pdf-blog.html
Basic PDF Tools,Merge PDF,merge-pdf.html,merge-pdf-blog.html,https://uti-mate.com/merge-pdf-blog.html
Calculators,Age Calculator,age-calculator.html,age-calculator-blog.html,https://uti-mate.com/age-calculator-blog.html
Calculators,BMI Calculator,bmi-calculator.html,bmi-calculator-blog.html,https://uti-mate.com/bmi-calculator-blog.html
Calculators,Compound Interest Calculator,compound-interest-calculator.html,compound-interest-calculator-blog.html,https://uti-mate.com/compound-interest-calculator-blog.html
Calculators,Date Difference Calculator,date-difference-calculator.html,date-difference-calculator-blog.html,https://uti-mate.com/date-difference-calculator-blog.html
Calculators,Discount Calculator,discount-calculator.html,discount-calculator-blog.html,https://uti-mate.com/discount-calculator-blog.html
Calculators,Loan Calculator,loan-calculator.html,loan-calculator-blog.html,https://uti-mate.com/loan-calculator-blog.html
Calculators,Percentage Calculator,percentage-calculator.html,percentage-calculator-blog.html,https://uti-mate.com/percentage-calculator-blog.html
Calculators,Profit Margin Calculator,profit-margin-calculator.html,profit-margin-calculator-blog.html,https://uti-mate.com/profit-margin-calculator-blog.html
Calculators,Time Duration Calculator,time-duration-calculator.html,time-duration-calculator-blog.html,https://uti-mate.com/time-duration-calculator-blog.html
Calculators,Tip Calculator,tip-calculator.html,tip-calculator-blog.html,https://uti-mate.com/tip-calculator-blog.html
Date & Time Tools,Countdown Timer,countdown-timer.html,countdown-timer-blog.html,https://uti-mate.com/countdown-timer-blog.html
Date & Time Tools,Pomodoro Timer,pomodoro-timer.html,pomodoro-timer-blog.html,https://uti-mate.com/pomodoro-timer-blog.html
Date & Time Tools,Stopwatch,stopwatch.html,stopwatch-blog.html,https://uti-mate.com/stopwatch-blog.html
Date & Time Tools,Unix Timestamp Converter,unix-timestamp-converter.html,unix-timestamp-converter-blog.html,https://uti-mate.com/unix-timestamp-converter-blog.html
Developer Tools,Base64 Encoder/Decoder,base64-encoder-decoder.html,base64-encoder-decoder-blog.html,https://uti-mate.com/base64-encoder-decoder-blog.html
Developer Tools,CSS Minifier,css-minifier.html,css-minifier-blog.html,https://uti-mate.com/css-minifier-blog.html
Developer Tools,Hash Generator,hash-generator.html,hash-generator-blog.html,https://uti-mate.com/hash-generator-blog.html
Developer Tools,HTML Formatter,html-formatter.html,html-formatter-blog.html,https://uti-mate.com/html-formatter-blog.html
Developer Tools,JavaScript Minifier,javascript-minifier.html,javascript-minifier-blog.html,https://uti-mate.com/javascript-minifier-blog.html
Developer Tools,JSON Formatter,json-formatter.html,json-formatter-blog.html,https://uti-mate.com/json-formatter-blog.html
Developer Tools,JSON Validator,json-validator.html,json-validator-blog.html,https://uti-mate.com/json-validator-blog.html
Developer Tools,Password Generator,password-generator.html,password-generator-blog.html,https://uti-mate.com/password-generator-blog.html
Developer Tools,URL Encoder/Decoder,url-encoder-decoder.html,url-encoder-decoder-blog.html,https://uti-mate.com/url-encoder-decoder-blog.html
Developer Tools,UUID Generator,uuid-generator.html,uuid-generator-blog.html,https://uti-mate.com/uuid-generator-blog.html
Financial Calculators,401K Calculator,401k-calculator.html,401k-calculator-blog.html,https://uti-mate.com/401k-calculator-blog.html
Financial Calculators,Amortization Calculator,amortization-calculator.html,amortization-calculator-blog.html,https://uti-mate.com/amortization-calculator-blog.html
Financial Calculators,Annuity Calculator,annuity-calculator.html,annuity-calculator-blog.html,https://uti-mate.com/annuity-calculator-blog.html
Financial Calculators,Annuity Payout Calculator,annuity-payout-calculator.html,annuity-payout-calculator-blog.html,https://uti-mate.com/annuity-payout-calculator-blog.html
Financial Calculators,APR Calculator,apr-calculator.html,apr-calculator-blog.html,https://uti-mate.com/apr-calculator-blog.html
Financial Calculators,Auto Lease Calculator,auto-lease-calculator.html,auto-lease-calculator-blog.html,https://uti-mate.com/auto-lease-calculator-blog.html
Financial Calculators,Auto Loan Calculator,auto-loan-calculator.html,auto-loan-calculator-blog.html,https://uti-mate.com/auto-loan-calculator-blog.html
Financial Calculators,Average Return Calculator,average-return-calculator.html,average-return-calculator-blog.html,https://uti-mate.com/average-return-calculator-blog.html
Financial Calculators,Boat Loan Calculator,boat-loan-calculator.html,boat-loan-calculator-blog.html,https://uti-mate.com/boat-loan-calculator-blog.html
Financial Calculators,Bond Calculator,bond-calculator.html,bond-calculator-blog.html,https://uti-mate.com/bond-calculator-blog.html
Financial Calculators,Budget Calculator,budget-calculator.html,budget-calculator-blog.html,https://uti-mate.com/budget-calculator-blog.html
Financial Calculators,Business Loan Calculator,business-loan-calculator.html,business-loan-calculator-blog.html,https://uti-mate.com/business-loan-calculator-blog.html
Financial Calculators,Canadian Mortgage Calculator,canadian-mortgage-calculator.html,canadian-mortgage-calculator-blog.html,https://uti-mate.com/canadian-mortgage-calculator-blog.html
Financial Calculators,Cash Back or Low Interest Calculator,cash-back-or-low-interest-calculator.html,cash-back-or-low-interest-calculator-blog.html,https://uti-mate.com/cash-back-or-low-interest-calculator-blog.html
Financial Calculators,CD Calculator,cd-calculator.html,cd-calculator-blog.html,https://uti-mate.com/cd-calculator-blog.html
Financial Calculators,College Cost Calculator,college-cost-calculator.html,college-cost-calculator-blog.html,https://uti-mate.com/college-cost-calculator-blog.html
Financial Calculators,Commission Calculator,commission-calculator.html,commission-calculator-blog.html,https://uti-mate.com/commission-calculator-blog.html
Financial Calculators,Credit Card Calculator,credit-card-calculator.html,credit-card-calculator-blog.html,https://uti-mate.com/credit-card-calculator-blog.html
Financial Calculators,Credit Cards Payoff Calculator,credit-cards-payoff-calculator.html,credit-cards-payoff-calculator-blog.html,https://uti-mate.com/credit-cards-payoff-calculator-blog.html
Financial Calculators,Currency Calculator,currency-calculator.html,currency-calculator-blog.html,https://uti-mate.com/currency-calculator-blog.html
Financial Calculators,Debt Consolidation Calculator,debt-consolidation-calculator.html,debt-consolidation-calculator-blog.html,https://uti-mate.com/debt-consolidation-calculator-blog.html
Financial Calculators,Debt Payoff Calculator,debt-payoff-calculator.html,debt-payoff-calculator-blog.html,https://uti-mate.com/debt-payoff-calculator-blog.html
Financial Calculators,Debt-to-Income Ratio Calculator,debt-to-income-ratio-calculator.html,debt-to-income-ratio-calculator-blog.html,https://uti-mate.com/debt-to-income-ratio-calculator-blog.html
Financial Calculators,Depreciation Calculator,depreciation-calculator.html,depreciation-calculator-blog.html,https://uti-mate.com/depreciation-calculator-blog.html
Financial Calculators,Down Payment Calculator,down-payment-calculator.html,down-payment-calculator-blog.html,https://uti-mate.com/down-payment-calculator-blog.html
Financial Calculators,Estate Tax Calculator,estate-tax-calculator.html,estate-tax-calculator-blog.html,https://uti-mate.com/estate-tax-calculator-blog.html
Financial Calculators,FHA Loan Calculator,fha-loan-calculator.html,fha-loan-calculator-blog.html,https://uti-mate.com/fha-loan-calculator-blog.html
Financial Calculators,Finance Calculator,finance-calculator.html,finance-calculator-blog.html,https://uti-mate.com/finance-calculator-blog.html
Financial Calculators,Future Value Calculator,future-value-calculator.html,future-value-calculator-blog.html,https://uti-mate.com/future-value-calculator-blog.html
Financial Calculators,HELOC Calculator,heloc-calculator.html,heloc-calculator-blog.html,https://uti-mate.com/heloc-calculator-blog.html
Financial Calculators,Home Equity Loan Calculator,home-equity-loan-calculator.html,home-equity-loan-calculator-blog.html,https://uti-mate.com/home-equity-loan-calculator-blog.html
Financial Calculators,House Affordability Calculator,house-affordability-calculator.html,house-affordability-calculator-blog.html,https://uti-mate.com/house-affordability-calculator-blog.html
Financial Calculators,Income Tax Calculator,income-tax-calculator.html,income-tax-calculator-blog.html,https://uti-mate.com/income-tax-calculator-blog.html
Financial Calculators,Inflation Calculator,inflation-calculator.html,inflation-calculator-blog.html,https://uti-mate.com/inflation-calculator-blog.html
Financial Calculators,Interest Calculator,interest-calculator.html,interest-calculator-blog.html,https://uti-mate.com/interest-calculator-blog.html
Financial Calculators,Interest Rate Calculator,interest-rate-calculator.html,interest-rate-calculator-blog.html,https://uti-mate.com/interest-rate-calculator-blog.html
Financial Calculators,Investment Calculator,investment-calculator.html,investment-calculator-blog.html,https://uti-mate.com/investment-calculator-blog.html
Financial Calculators,IRA Calculator,ira-calculator.html,ira-calculator-blog.html,https://uti-mate.com/ira-calculator-blog.html
Financial Calculators,IRR Calculator,irr-calculator.html,irr-calculator-blog.html,https://uti-mate.com/irr-calculator-blog.html
Financial Calculators,Lease Calculator,lease-calculator.html,lease-calculator-blog.html,https://uti-mate.com/lease-calculator-blog.html
Financial Calculators,Marriage Tax Calculator,marriage-tax-calculator.html,marriage-tax-calculator-blog.html,https://uti-mate.com/marriage-tax-calculator-blog.html
Financial Calculators,Mortgage Amortization Calculator,mortgage-amortization-calculator.html,mortgage-amortization-calculator-blog.html,https://uti-mate.com/mortgage-amortization-calculator-blog.html
Financial Calculators,Mortgage Calculator,mortgage-calculator.html,mortgage-calculator-blog.html,https://uti-mate.com/mortgage-calculator-blog.html
Financial Calculators,Mortgage Calculator UK,mortgage-calculator-uk.html,mortgage-calculator-uk-blog.html,https://uti-mate.com/mortgage-calculator-uk-blog.html
Financial Calculators,Mortgage Payoff Calculator,mortgage-payoff-calculator.html,mortgage-payoff-calculator-blog.html,https://uti-mate.com/mortgage-payoff-calculator-blog.html
Financial Calculators,Mutual Fund Calculator,mutual-fund-calculator.html,mutual-fund-calculator-blog.html,https://uti-mate.com/mutual-fund-calculator-blog.html
Financial Calculators,Payback Period Calculator,payback-period-calculator.html,payback-period-calculator-blog.html,https://uti-mate.com/payback-period-calculator-blog.html
Financial Calculators,Payment Calculator,payment-calculator.html,payment-calculator-blog.html,https://uti-mate.com/payment-calculator-blog.html
Financial Calculators,Pension Calculator,pension-calculator.html,pension-calculator-blog.html,https://uti-mate.com/pension-calculator-blog.html
Financial Calculators,Percent Off Calculator,percent-off-calculator.html,percent-off-calculator-blog.html,https://uti-mate.com/percent-off-calculator-blog.html
Financial Calculators,Personal Loan Calculator,personal-loan-calculator.html,personal-loan-calculator-blog.html,https://uti-mate.com/personal-loan-calculator-blog.html
Financial Calculators,Present Value Calculator,present-value-calculator.html,present-value-calculator-blog.html,https://uti-mate.com/present-value-calculator-blog.html
Financial Calculators,Real Estate Calculator,real-estate-calculator.html,real-estate-calculator-blog.html,https://uti-mate.com/real-estate-calculator-blog.html
Financial Calculators,Refinance Calculator,refinance-calculator.html,refinance-calculator-blog.html,https://uti-mate.com/refinance-calculator-blog.html
Financial Calculators,Rent Calculator,rent-calculator.html,rent-calculator-blog.html,https://uti-mate.com/rent-calculator-blog.html
Financial Calculators,Rent vs. Buy Calculator,rent-vs-buy-calculator.html,rent-vs-buy-calculator-blog.html,https://uti-mate.com/rent-vs-buy-calculator-blog.html
Financial Calculators,Rental Property Calculator,rental-property-calculator.html,rental-property-calculator-blog.html,https://uti-mate.com/rental-property-calculator-blog.html
Financial Calculators,Repayment Calculator,repayment-calculator.html,repayment-calculator-blog.html,https://uti-mate.com/repayment-calculator-blog.html
Financial Calculators,Retirement Calculator,retirement-calculator.html,retirement-calculator-blog.html,https://uti-mate.com/retirement-calculator-blog.html
Financial Calculators,RMD Calculator,rmd-calculator.html,rmd-calculator-blog.html,https://uti-mate.com/rmd-calculator-blog.html
Financial Calculators,ROI Calculator,roi-calculator.html,roi-calculator-blog.html,https://uti-mate.com/roi-calculator-blog.html
Financial Calculators,Roth IRA Calculator,roth-ira-calculator.html,roth-ira-calculator-blog.html,https://uti-mate.com/roth-ira-calculator-blog.html
Financial Calculators,Salary Calculator,salary-calculator.html,salary-calculator-blog.html,https://uti-mate.com/salary-calculator-blog.html
Financial Calculators,Sales Tax Calculator,sales-tax-calculator.html,sales-tax-calculator-blog.html,https://uti-mate.com/sales-tax-calculator-blog.html
Financial Calculators,Savings Calculator,savings-calculator.html,savings-calculator-blog.html,https://uti-mate.com/savings-calculator-blog.html
Financial Calculators,Simple Interest Calculator,simple-interest-calculator.html,simple-interest-calculator-blog.html,https://uti-mate.com/simple-interest-calculator-blog.html
Financial Calculators,Social Security Calculator,social-security-calculator.html,social-security-calculator-blog.html,https://uti-mate.com/social-security-calculator-blog.html
Financial Calculators,Student Loan Calculator,student-loan-calculator.html,student-loan-calculator-blog.html,https://uti-mate.com/student-loan-calculator-blog.html
Financial Calculators,Take-Home-Paycheck Calculator,take-home-paycheck-calculator.html,take-home-paycheck-calculator-blog.html,https://uti-mate.com/take-home-paycheck-calculator-blog.html
Financial Calculators,VA Mortgage Calculator,va-mortgage-calculator.html,va-mortgage-calculator-blog.html,https://uti-mate.com/va-mortgage-calculator-blog.html
Financial Calculators,VAT Calculator,vat-calculator.html,vat-calculator-blog.html,https://uti-mate.com/vat-calculator-blog.html
Fitness and Health Calculators,Anorexic BMI Calculator,anorexic-bmi-calculator.html,anorexic-bmi-calculator-blog.html,https://uti-mate.com/anorexic-bmi-calculator-blog.html
Fitness and Health Calculators,Army Body Fat Calculator,army-body-fat-calculator.html,army-body-fat-calculator-blog.html,https://uti-mate.com/army-body-fat-calculator-blog.html
Fitness and Health Calculators,BAC Calculator,bac-calculator.html,bac-calculator-blog.html,https://uti-mate.com/bac-calculator-blog.html
Fitness and Health Calculators,BMR Calculator,bmr-calculator.html,bmr-calculator-blog.html,https://uti-mate.com/bmr-calculator-blog.html
Fitness and Health Calculators,Body Fat Calculator,body-fat-calculator.html,body-fat-calculator-blog.html,https://uti-mate.com/body-fat-calculator-blog.html
Fitness and Health Calculators,Body Surface Area Calculator,body-surface-area-calculator.html,body-surface-area-calculator-blog.html,https://uti-mate.com/body-surface-area-calculator-blog.html
Fitness and Health Calculators,Body Type Calculator,body-type-calculator.html,body-type-calculator-blog.html,https://uti-mate.com/body-type-calculator-blog.html
Fitness and Health Calculators,Calorie Calculator,calorie-calculator.html,calorie-calculator-blog.html,https://uti-mate.com/calorie-calculator-blog.html
Fitness and Health Calculators,Calories Burned Calculator,calories-burned-calculator.html,calories-burned-calculator-blog.html,https://uti-mate.com/calories-burned-calculator-blog.html
Fitness and Health Calculators,Carbohydrate Calculator,carbohydrate-calculator.html,carbohydrate-calculator-blog.html,https://uti-mate.com/carbohydrate-calculator-blog.html
Fitness and Health Calculators,Conception Calculator,conception-calculator.html,conception-calculator-blog.html,https://uti-mate.com/conception-calculator-blog.html
Fitness and Health Calculators,Due Date Calculator,due-date-calculator.html,due-date-calculator-blog.html,https://uti-mate.com/due-date-calculator-blog.html
Fitness and Health Calculators,Fat Intake Calculator,fat-intake-calculator.html,fat-intake-calculator-blog.html,https://uti-mate.com/fat-intake-calculator-blog.html
Fitness and Health Calculators,GFR Calculator,gfr-calculator.html,gfr-calculator-blog.html,https://uti-mate.com/gfr-calculator-blog.html
Fitness and Health Calculators,Healthy Weight Calculator,healthy-weight-calculator.html,healthy-weight-calculator-blog.html,https://uti-mate.com/healthy-weight-calculator-blog.html
Fitness and Health Calculators,Ideal Weight Calculator,ideal-weight-calculator.html,ideal-weight-calculator-blog.html,https://uti-mate.com/ideal-weight-calculator-blog.html
Fitness and Health Calculators,Lean Body Mass Calculator,lean-body-mass-calculator.html,lean-body-mass-calculator-blog.html,https://uti-mate.com/lean-body-mass-calculator-blog.html
Fitness and Health Calculators,Macro Calculator,macro-calculator.html,macro-calculator-blog.html,https://uti-mate.com/macro-calculator-blog.html
Fitness and Health Calculators,One Rep Max Calculator,one-rep-max-calculator.html,one-rep-max-calculator-blog.html,https://uti-mate.com/one-rep-max-calculator-blog.html
Fitness and Health Calculators,Overweight Calculator,overweight-calculator.html,overweight-calculator-blog.html,https://uti-mate.com/overweight-calculator-blog.html
Fitness and Health Calculators,Ovulation Calculator,ovulation-calculator.html,ovulation-calculator-blog.html,https://uti-mate.com/ovulation-calculator-blog.html
Fitness and Health Calculators,Pace Calculator,pace-calculator.html,pace-calculator-blog.html,https://uti-mate.com/pace-calculator-blog.html
Fitness and Health Calculators,Period Calculator,period-calculator.html,period-calculator-blog.html,https://uti-mate.com/period-calculator-blog.html
Fitness and Health Calculators,Pregnancy Calculator,pregnancy-calculator.html,pregnancy-calculator-blog.html,https://uti-mate.com/pregnancy-calculator-blog.html
Fitness and Health Calculators,Pregnancy Conception Calculator,pregnancy-conception-calculator.html,pregnancy-conception-calculator-blog.html,https://uti-mate.com/pregnancy-conception-calculator-blog.html
Fitness and Health Calculators,Pregnancy Weight Gain Calculator,pregnancy-weight-gain-calculator.html,pregnancy-weight-gain-calculator-blog.html,https://uti-mate.com/pregnancy-weight-gain-calculator-blog.html
Fitness and Health Calculators,Protein Calculator,protein-calculator.html,protein-calculator-blog.html,https://uti-mate.com/protein-calculator-blog.html
Fitness and Health Calculators,Target Heart Rate Calculator,target-heart-rate-calculator.html,target-heart-rate-calculator-blog.html,https://uti-mate.com/target-heart-rate-calculator-blog.html
Fitness and Health Calculators,TDEE Calculator,tdee-calculator.html,tdee-calculator-blog.html,https://uti-mate.com/tdee-calculator-blog.html
Fitness and Health Calculators,Weight Watcher Points Calculator,weight-watcher-points-calculator.html,weight-watcher-points-calculator-blog.html,https://uti-mate.com/weight-watcher-points-calculator-blog.html
Fun Tools,Spin The Wheel,spin-the-wheel.html,spin-the-wheel-blog.html,https://uti-mate.com/spin-the-wheel-blog.html
Image Tools,Flip Image,flip-image.html,flip-image-blog.html,https://uti-mate.com/flip-image-blog.html
Image Tools,Image Compressor,image-compressor.html,image-compressor-blog.html,https://uti-mate.com/image-compressor-blog.html
Image Tools,Image Cropper,image-cropper.html,image-cropper-blog.html,https://uti-mate.com/image-cropper-blog.html
Image Tools,Image Resizer,image-resizer.html,image-resizer-blog.html,https://uti-mate.com/image-resizer-blog.html
Image Tools,Image to WebP,image-to-webp.html,image-to-webp-blog.html,https://uti-mate.com/image-to-webp-blog.html
Image Tools,JPG to PNG,jpg-to-png.html,jpg-to-png-blog.html,https://uti-mate.com/jpg-to-png-blog.html
Image Tools,PNG to JPG,png-to-jpg.html,png-to-jpg-blog.html,https://uti-mate.com/png-to-jpg-blog.html
Image Tools,Rotate Image,rotate-image.html,rotate-image-blog.html,https://uti-mate.com/rotate-image-blog.html
Math Calculators,Algebra Calculator,algebra-calculator.html,algebra-calculator-blog.html,https://uti-mate.com/algebra-calculator-blog.html
Math Calculators,Area Calculator,area-calculator.html,area-calculator-blog.html,https://uti-mate.com/area-calculator-blog.html
Math Calculators,Average Calculator,average-calculator.html,average-calculator-blog.html,https://uti-mate.com/average-calculator-blog.html
Math Calculators,Basic Calculator,basic-calculator.html,basic-calculator-blog.html,https://uti-mate.com/basic-calculator-blog.html
Math Calculators,Big Number Calculator,big-number-calculator.html,big-number-calculator-blog.html,https://uti-mate.com/big-number-calculator-blog.html
Math Calculators,Binary Calculator,binary-calculator.html,binary-calculator-blog.html,https://uti-mate.com/binary-calculator-blog.html
Math Calculators,Circle Calculator,circle-calculator.html,circle-calculator-blog.html,https://uti-mate.com/circle-calculator-blog.html
Math Calculators,Common Factor Calculator,common-factor-calculator.html,common-factor-calculator-blog.html,https://uti-mate.com/common-factor-calculator-blog.html
Math Calculators,Confidence Interval Calculator,confidence-interval-calculator.html,confidence-interval-calculator-blog.html,https://uti-mate.com/confidence-interval-calculator-blog.html
Math Calculators,Decimal Calculator,decimal-calculator.html,decimal-calculator-blog.html,https://uti-mate.com/decimal-calculator-blog.html
Math Calculators,Distance Calculator,distance-calculator.html,distance-calculator-blog.html,https://uti-mate.com/distance-calculator-blog.html
Math Calculators,Equation Solver,equation-solver.html,equation-solver-blog.html,https://uti-mate.com/equation-solver-blog.html
Math Calculators,Exponent Calculator,exponent-calculator.html,exponent-calculator-blog.html,https://uti-mate.com/exponent-calculator-blog.html
Math Calculators,Factor Calculator,factor-calculator.html,factor-calculator-blog.html,https://uti-mate.com/factor-calculator-blog.html
Math Calculators,Fraction Calculator,fraction-calculator.html,fraction-calculator-blog.html,https://uti-mate.com/fraction-calculator-blog.html
Math Calculators,Greatest Common Factor Calculator,greatest-common-factor-calculator.html,greatest-common-factor-calculator-blog.html,https://uti-mate.com/greatest-common-factor-calculator-blog.html
Math Calculators,Half-Life Calculator,half-life-calculator.html,half-life-calculator-blog.html,https://uti-mate.com/half-life-calculator-blog.html
Math Calculators,Hex Calculator,hex-calculator.html,hex-calculator-blog.html,https://uti-mate.com/hex-calculator-blog.html
Math Calculators,Least Common Multiple Calculator,least-common-multiple-calculator.html,least-common-multiple-calculator-blog.html,https://uti-mate.com/least-common-multiple-calculator-blog.html
Math Calculators,Log Calculator,log-calculator.html,log-calculator-blog.html,https://uti-mate.com/log-calculator-blog.html
Math Calculators,Long Division Calculator,long-division-calculator.html,long-division-calculator-blog.html,https://uti-mate.com/long-division-calculator-blog.html
Math Calculators,Matrix Calculator,matrix-calculator.html,matrix-calculator-blog.html,https://uti-mate.com/matrix-calculator-blog.html
Math Calculators,"Mean, Median, Mode, Range Calculator",mean-median-mode-range-calculator.html,mean-median-mode-range-calculator-blog.html,https://uti-mate.com/mean-median-mode-range-calculator-blog.html
Math Calculators,Modulo Calculator,modulo-calculator.html,modulo-calculator-blog.html,https://uti-mate.com/modulo-calculator-blog.html
Math Calculators,Number Sequence Calculator,number-sequence-calculator.html,number-sequence-calculator-blog.html,https://uti-mate.com/number-sequence-calculator-blog.html
Math Calculators,P-value Calculator,p-value-calculator.html,p-value-calculator-blog.html,https://uti-mate.com/p-value-calculator-blog.html
Math Calculators,Percent Error Calculator,percent-error-calculator.html,percent-error-calculator-blog.html,https://uti-mate.com/percent-error-calculator-blog.html
Math Calculators,Permutation and Combination Calculator,permutation-and-combination-calculator.html,permutation-and-combination-calculator-blog.html,https://uti-mate.com/permutation-and-combination-calculator-blog.html
Math Calculators,Prime Factorization Calculator,prime-factorization-calculator.html,prime-factorization-calculator-blog.html,https://uti-mate.com/prime-factorization-calculator-blog.html
Math Calculators,Probability Calculator,probability-calculator.html,probability-calculator-blog.html,https://uti-mate.com/probability-calculator-blog.html
Math Calculators,Pythagorean Theorem Calculator,pythagorean-theorem-calculator.html,pythagorean-theorem-calculator-blog.html,https://uti-mate.com/pythagorean-theorem-calculator-blog.html
Math Calculators,Quadratic Formula Calculator,quadratic-formula-calculator.html,quadratic-formula-calculator-blog.html,https://uti-mate.com/quadratic-formula-calculator-blog.html
Math Calculators,Random Number Generator,random-number-generator.html,random-number-generator-blog.html,https://uti-mate.com/random-number-generator-blog.html
Math Calculators,Ratio Calculator,ratio-calculator.html,ratio-calculator-blog.html,https://uti-mate.com/ratio-calculator-blog.html
Math Calculators,Right Triangle Calculator,right-triangle-calculator.html,right-triangle-calculator-blog.html,https://uti-mate.com/right-triangle-calculator-blog.html
Math Calculators,Root Calculator,root-calculator.html,root-calculator-blog.html,https://uti-mate.com/root-calculator-blog.html
Math Calculators,Rounding Calculator,rounding-calculator.html,rounding-calculator-blog.html,https://uti-mate.com/rounding-calculator-blog.html
Math Calculators,Sample Size Calculator,sample-size-calculator.html,sample-size-calculator-blog.html,https://uti-mate.com/sample-size-calculator-blog.html
Math Calculators,Scientific Calculator,scientific-calculator.html,scientific-calculator-blog.html,https://uti-mate.com/scientific-calculator-blog.html
Math Calculators,Scientific Notation Calculator,scientific-notation-calculator.html,scientific-notation-calculator-blog.html,https://uti-mate.com/scientific-notation-calculator-blog.html
Math Calculators,Slope Calculator,slope-calculator.html,slope-calculator-blog.html,https://uti-mate.com/slope-calculator-blog.html
Math Calculators,Standard Deviation Calculator,standard-deviation-calculator.html,standard-deviation-calculator-blog.html,https://uti-mate.com/standard-deviation-calculator-blog.html
Math Calculators,Statistics Calculator,statistics-calculator.html,statistics-calculator-blog.html,https://uti-mate.com/statistics-calculator-blog.html
Math Calculators,Surface Area Calculator,surface-area-calculator.html,surface-area-calculator-blog.html,https://uti-mate.com/surface-area-calculator-blog.html
Math Calculators,Triangle Calculator,triangle-calculator.html,triangle-calculator-blog.html,https://uti-mate.com/triangle-calculator-blog.html
Math Calculators,Unit Rate Calculator,unit-rate-calculator.html,unit-rate-calculator-blog.html,https://uti-mate.com/unit-rate-calculator-blog.html
Math Calculators,Volume Calculator,volume-calculator.html,volume-calculator-blog.html,https://uti-mate.com/volume-calculator-blog.html
Math Calculators,Z-score Calculator,z-score-calculator.html,z-score-calculator-blog.html,https://uti-mate.com/z-score-calculator-blog.html
Other Calculators,Bandwidth Calculator,bandwidth-calculator.html,bandwidth-calculator-blog.html,https://uti-mate.com/bandwidth-calculator-blog.html
Other Calculators,Base64 Encode / Decode,base64-encode-decode.html,base64-encode-decode-blog.html,https://uti-mate.com/base64-encode-decode-blog.html
Other Calculators,Bra Size Calculator,bra-size-calculator.html,bra-size-calculator-blog.html,https://uti-mate.com/bra-size-calculator-blog.html
Other Calculators,BTU Calculator,btu-calculator.html,btu-calculator-blog.html,https://uti-mate.com/btu-calculator-blog.html
Other Calculators,Concrete Calculator,concrete-calculator.html,concrete-calculator-blog.html,https://uti-mate.com/concrete-calculator-blog.html
Other Calculators,Conversion Calculator,conversion-calculator.html,conversion-calculator-blog.html,https://uti-mate.com/conversion-calculator-blog.html
Other Calculators,Day Counter,day-counter.html,day-counter-blog.html,https://uti-mate.com/day-counter-blog.html
Other Calculators,Day of the Week Calculator,day-of-the-week-calculator.html,day-of-the-week-calculator-blog.html,https://uti-mate.com/day-of-the-week-calculator-blog.html
Other Calculators,Density Calculator,density-calculator.html,density-calculator-blog.html,https://uti-mate.com/density-calculator-blog.html
Other Calculators,Dew Point Calculator,dew-point-calculator.html,dew-point-calculator-blog.html,https://uti-mate.com/dew-point-calculator-blog.html
Other Calculators,Dice Roller,dice-roller.html,dice-roller-blog.html,https://uti-mate.com/dice-roller-blog.html
Other Calculators,Electricity Calculator,electricity-calculator.html,electricity-calculator-blog.html,https://uti-mate.com/electricity-calculator-blog.html
Other Calculators,Engine Horsepower Calculator,engine-horsepower-calculator.html,engine-horsepower-calculator-blog.html,https://uti-mate.com/engine-horsepower-calculator-blog.html
Other Calculators,Fuel Cost Calculator,fuel-cost-calculator.html,fuel-cost-calculator-blog.html,https://uti-mate.com/fuel-cost-calculator-blog.html
Other Calculators,Gas Mileage Calculator,gas-mileage-calculator.html,gas-mileage-calculator-blog.html,https://uti-mate.com/gas-mileage-calculator-blog.html
Other Calculators,GDP Calculator,gdp-calculator.html,gdp-calculator-blog.html,https://uti-mate.com/gdp-calculator-blog.html
Other Calculators,Golf Handicap Calculator,golf-handicap-calculator.html,golf-handicap-calculator-blog.html,https://uti-mate.com/golf-handicap-calculator-blog.html
Other Calculators,GPA Calculator,gpa-calculator.html,gpa-calculator-blog.html,https://uti-mate.com/gpa-calculator-blog.html
Other Calculators,Grade Calculator,grade-calculator.html,grade-calculator-blog.html,https://uti-mate.com/grade-calculator-blog.html
Other Calculators,Gravel Calculator,gravel-calculator.html,gravel-calculator-blog.html,https://uti-mate.com/gravel-calculator-blog.html
Other Calculators,Heat Index Calculator,heat-index-calculator.html,heat-index-calculator-blog.html,https://uti-mate.com/heat-index-calculator-blog.html
Other Calculators,Height Calculator,height-calculator.html,height-calculator-blog.html,https://uti-mate.com/height-calculator-blog.html
Other Calculators,Horsepower Calculator,horsepower-calculator.html,horsepower-calculator-blog.html,https://uti-mate.com/horsepower-calculator-blog.html
Other Calculators,Hours Calculator,hours-calculator.html,hours-calculator-blog.html,https://uti-mate.com/hours-calculator-blog.html
Other Calculators,IP Subnet Calculator,ip-subnet-calculator.html,ip-subnet-calculator-blog.html,https://uti-mate.com/ip-subnet-calculator-blog.html
Other Calculators,Love Calculator,love-calculator.html,love-calculator-blog.html,https://uti-mate.com/love-calculator-blog.html
Other Calculators,Mass Calculator,mass-calculator.html,mass-calculator-blog.html,https://uti-mate.com/mass-calculator-blog.html
Other Calculators,Mileage Calculator,mileage-calculator.html,mileage-calculator-blog.html,https://uti-mate.com/mileage-calculator-blog.html
Other Calculators,Molarity Calculator,molarity-calculator.html,molarity-calculator-blog.html,https://uti-mate.com/molarity-calculator-blog.html
Other Calculators,Molecular Weight Calculator,molecular-weight-calculator.html,molecular-weight-calculator-blog.html,https://uti-mate.com/molecular-weight-calculator-blog.html
Other Calculators,Mulch Calculator,mulch-calculator.html,mulch-calculator-blog.html,https://uti-mate.com/mulch-calculator-blog.html
Other Calculators,Ohms Law Calculator,ohms-law-calculator.html,ohms-law-calculator-blog.html,https://uti-mate.com/ohms-law-calculator-blog.html
Other Calculators,Resistor Calculator,resistor-calculator.html,resistor-calculator-blog.html,https://uti-mate.com/resistor-calculator-blog.html
Other Calculators,Roman Numeral Converter,roman-numeral-converter.html,roman-numeral-converter-blog.html,https://uti-mate.com/roman-numeral-converter-blog.html
Other Calculators,Roofing Calculator,roofing-calculator.html,roofing-calculator-blog.html,https://uti-mate.com/roofing-calculator-blog.html
Other Calculators,Shoe Size Conversion,shoe-size-conversion.html,shoe-size-conversion-blog.html,https://uti-mate.com/shoe-size-conversion-blog.html
Other Calculators,Sleep Calculator,sleep-calculator.html,sleep-calculator-blog.html,https://uti-mate.com/sleep-calculator-blog.html
Other Calculators,Speed Calculator,speed-calculator.html,speed-calculator-blog.html,https://uti-mate.com/speed-calculator-blog.html
Other Calculators,Square Footage Calculator,square-footage-calculator.html,square-footage-calculator-blog.html,https://uti-mate.com/square-footage-calculator-blog.html
Other Calculators,Stair Calculator,stair-calculator.html,stair-calculator-blog.html,https://uti-mate.com/stair-calculator-blog.html
Other Calculators,Tile Calculator,tile-calculator.html,tile-calculator-blog.html,https://uti-mate.com/tile-calculator-blog.html
Other Calculators,Time Calculator,time-calculator.html,time-calculator-blog.html,https://uti-mate.com/time-calculator-blog.html
Other Calculators,Time Card Calculator,time-card-calculator.html,time-card-calculator-blog.html,https://uti-mate.com/time-card-calculator-blog.html
Other Calculators,Time Zone Calculator,time-zone-calculator.html,time-zone-calculator-blog.html,https://uti-mate.com/time-zone-calculator-blog.html
Other Calculators,Tire Size Calculator,tire-size-calculator.html,tire-size-calculator-blog.html,https://uti-mate.com/tire-size-calculator-blog.html
Other Calculators,URL Encode / Decode,url-encode-decode.html,url-encode-decode-blog.html,https://uti-mate.com/url-encode-decode-blog.html
Other Calculators,Voltage Drop Calculator,voltage-drop-calculator.html,voltage-drop-calculator-blog.html,https://uti-mate.com/voltage-drop-calculator-blog.html
Other Calculators,Weight Calculator,weight-calculator.html,weight-calculator-blog.html,https://uti-mate.com/weight-calculator-blog.html
Other Calculators,Wind Chill Calculator,wind-chill-calculator.html,wind-chill-calculator-blog.html,https://uti-mate.com/wind-chill-calculator-blog.html
PDF Pack,Add Page Numbers to PDF,add-page-numbers-to-pdf.html,add-page-numbers-to-pdf-blog.html,https://uti-mate.com/add-page-numbers-to-pdf-blog.html
PDF Pack,Add Watermark to PDF,add-watermark-to-pdf.html,add-watermark-to-pdf-blog.html,https://uti-mate.com/add-watermark-to-pdf-blog.html
PDF Pack,Compress PDF,compress-pdf.html,compress-pdf-blog.html,https://uti-mate.com/compress-pdf-blog.html
PDF Pack,Organize PDF,organize-pdf.html,organize-pdf-blog.html,https://uti-mate.com/organize-pdf-blog.html
PDF Pack,PDF to JPG,pdf-to-jpg.html,pdf-to-jpg-blog.html,https://uti-mate.com/pdf-to-jpg-blog.html
PDF Pack,Protect PDF,protect-pdf.html,protect-pdf-blog.html,https://uti-mate.com/protect-pdf-blog.html
PDF Pack,Rotate PDF,rotate-pdf.html,rotate-pdf-blog.html,https://uti-mate.com/rotate-pdf-blog.html
PDF Pack,Split PDF,split-pdf.html,split-pdf-blog.html,https://uti-mate.com/split-pdf-blog.html
PDF Pack,Unlock PDF,unlock-pdf.html,unlock-pdf-blog.html,https://uti-mate.com/unlock-pdf-blog.html
QR Tools,Email QR Generator,email-qr-generator.html,email-qr-generator-blog.html,https://uti-mate.com/email-qr-generator-blog.html
QR Tools,QR Code Generator,qr-code-generator.html,qr-code-generator-blog.html,https://uti-mate.com/qr-code-generator-blog.html
QR Tools,SMS QR Generator,sms-qr-generator.html,sms-qr-generator-blog.html,https://uti-mate.com/sms-qr-generator-blog.html
QR Tools,vCard QR Generator,vcard-qr-generator.html,vcard-qr-generator-blog.html,https://uti-mate.com/vcard-qr-generator-blog.html
QR Tools,WhatsApp Link Generator,whatsapp-link-generator.html,whatsapp-link-generator-blog.html,https://uti-mate.com/whatsapp-link-generator-blog.html
QR Tools,WiFi QR Generator,wifi-qr-generator.html,wifi-qr-generator-blog.html,https://uti-mate.com/wifi-qr-generator-blog.html
Text Tools,Case Converter,case-converter.html,case-converter-blog.html,https://uti-mate.com/case-converter-blog.html
Text Tools,Character Counter,character-counter.html,character-counter-blog.html,https://uti-mate.com/character-counter-blog.html
Text Tools,Find and Replace,find-and-replace.html,find-and-replace-blog.html,https://uti-mate.com/find-and-replace-blog.html
Text Tools,Reading Time Calculator,reading-time-calculator.html,reading-time-calculator-blog.html,https://uti-mate.com/reading-time-calculator-blog.html
Text Tools,Remove Duplicate Lines,remove-duplicate-lines.html,remove-duplicate-lines-blog.html,https://uti-mate.com/remove-duplicate-lines-blog.html
Text Tools,Remove Extra Spaces,remove-extra-spaces.html,remove-extra-spaces-blog.html,https://uti-mate.com/remove-extra-spaces-blog.html
Text Tools,Slug Generator,slug-generator.html,slug-generator-blog.html,https://uti-mate.com/slug-generator-blog.html
Text Tools,Sort Lines,sort-lines.html,sort-lines-blog.html,https://uti-mate.com/sort-lines-blog.html
Text Tools,Text Cleaner,text-cleaner.html,text-cleaner-blog.html,https://uti-mate.com/text-cleaner-blog.html
Text Tools,Word Counter,word-counter.html,word-counter-blog.html,https://uti-mate.com/word-counter-blog.html
PDF Pack,PDF to Excel OCR,pdf-to-excel.html,pdf-to-excel-blog.html,https://uti-mate.com/pdf-to-excel-blog.html
