category,tool_name,filename,url
Financial Calculators,Mortgage Calculator,mortgage-calculator.html,https://uti-mate.com/mortgage-calculator.html
Financial Calculators,Auto Loan Calculator,auto-loan-calculator.html,https://uti-mate.com/auto-loan-calculator.html
Financial Calculators,Interest Calculator,interest-calculator.html,https://uti-mate.com/interest-calculator.html
Financial Calculators,Payment Calculator,payment-calculator.html,https://uti-mate.com/payment-calculator.html
Financial Calculators,Retirement Calculator,retirement-calculator.html,https://uti-mate.com/retirement-calculator.html
Financial Calculators,Amortization Calculator,amortization-calculator.html,https://uti-mate.com/amortization-calculator.html
Financial Calculators,Investment Calculator,investment-calculator.html,https://uti-mate.com/investment-calculator.html
Financial Calculators,Currency Calculator,currency-calculator.html,https://uti-mate.com/currency-calculator.html
Financial Calculators,Inflation Calculator,inflation-calculator.html,https://uti-mate.com/inflation-calculator.html
Financial Calculators,Finance Calculator,finance-calculator.html,https://uti-mate.com/finance-calculator.html
Financial Calculators,Mortgage Payoff Calculator,mortgage-payoff-calculator.html,https://uti-mate.com/mortgage-payoff-calculator.html
Financial Calculators,Income Tax Calculator,income-tax-calculator.html,https://uti-mate.com/income-tax-calculator.html
Financial Calculators,Salary Calculator,salary-calculator.html,https://uti-mate.com/salary-calculator.html
Financial Calculators,401K Calculator,401k-calculator.html,https://uti-mate.com/401k-calculator.html
Financial Calculators,Interest Rate Calculator,interest-rate-calculator.html,https://uti-mate.com/interest-rate-calculator.html
Financial Calculators,Sales Tax Calculator,sales-tax-calculator.html,https://uti-mate.com/sales-tax-calculator.html
Financial Calculators,House Affordability Calculator,house-affordability-calculator.html,https://uti-mate.com/house-affordability-calculator.html
Financial Calculators,Savings Calculator,savings-calculator.html,https://uti-mate.com/savings-calculator.html
Financial Calculators,Rent Calculator,rent-calculator.html,https://uti-mate.com/rent-calculator.html
Financial Calculators,Marriage Tax Calculator,marriage-tax-calculator.html,https://uti-mate.com/marriage-tax-calculator.html
Financial Calculators,Estate Tax Calculator,estate-tax-calculator.html,https://uti-mate.com/estate-tax-calculator.html
Financial Calculators,Pension Calculator,pension-calculator.html,https://uti-mate.com/pension-calculator.html
Financial Calculators,Social Security Calculator,social-security-calculator.html,https://uti-mate.com/social-security-calculator.html
Financial Calculators,Annuity Calculator,annuity-calculator.html,https://uti-mate.com/annuity-calculator.html
Financial Calculators,Annuity Payout Calculator,annuity-payout-calculator.html,https://uti-mate.com/annuity-payout-calculator.html
Financial Calculators,Credit Card Calculator,credit-card-calculator.html,https://uti-mate.com/credit-card-calculator.html
Financial Calculators,Credit Cards Payoff Calculator,credit-cards-payoff-calculator.html,https://uti-mate.com/credit-cards-payoff-calculator.html
Financial Calculators,Debt Payoff Calculator,debt-payoff-calculator.html,https://uti-mate.com/debt-payoff-calculator.html
Financial Calculators,Debt Consolidation Calculator,debt-consolidation-calculator.html,https://uti-mate.com/debt-consolidation-calculator.html
Financial Calculators,Repayment Calculator,repayment-calculator.html,https://uti-mate.com/repayment-calculator.html
Financial Calculators,Student Loan Calculator,student-loan-calculator.html,https://uti-mate.com/student-loan-calculator.html
Financial Calculators,College Cost Calculator,college-cost-calculator.html,https://uti-mate.com/college-cost-calculator.html
Financial Calculators,Simple Interest Calculator,simple-interest-calculator.html,https://uti-mate.com/simple-interest-calculator.html
Financial Calculators,CD Calculator,cd-calculator.html,https://uti-mate.com/cd-calculator.html
Financial Calculators,Bond Calculator,bond-calculator.html,https://uti-mate.com/bond-calculator.html
Financial Calculators,Mutual Fund Calculator,mutual-fund-calculator.html,https://uti-mate.com/mutual-fund-calculator.html
Financial Calculators,Roth IRA Calculator,roth-ira-calculator.html,https://uti-mate.com/roth-ira-calculator.html
Financial Calculators,IRA Calculator,ira-calculator.html,https://uti-mate.com/ira-calculator.html
Financial Calculators,RMD Calculator,rmd-calculator.html,https://uti-mate.com/rmd-calculator.html
Financial Calculators,VAT Calculator,vat-calculator.html,https://uti-mate.com/vat-calculator.html
Financial Calculators,Cash Back or Low Interest Calculator,cash-back-or-low-interest-calculator.html,https://uti-mate.com/cash-back-or-low-interest-calculator.html
Financial Calculators,Auto Lease Calculator,auto-lease-calculator.html,https://uti-mate.com/auto-lease-calculator.html
Financial Calculators,Depreciation Calculator,depreciation-calculator.html,https://uti-mate.com/depreciation-calculator.html
Financial Calculators,Average Return Calculator,average-return-calculator.html,https://uti-mate.com/average-return-calculator.html
Financial Calculators,Business Loan Calculator,business-loan-calculator.html,https://uti-mate.com/business-loan-calculator.html
Financial Calculators,Debt-to-Income Ratio Calculator,debt-to-income-ratio-calculator.html,https://uti-mate.com/debt-to-income-ratio-calculator.html
Financial Calculators,Real Estate Calculator,real-estate-calculator.html,https://uti-mate.com/real-estate-calculator.html
Financial Calculators,Take-Home-Paycheck Calculator,take-home-paycheck-calculator.html,https://uti-mate.com/take-home-paycheck-calculator.html
Financial Calculators,Personal Loan Calculator,personal-loan-calculator.html,https://uti-mate.com/personal-loan-calculator.html
Financial Calculators,Boat Loan Calculator,boat-loan-calculator.html,https://uti-mate.com/boat-loan-calculator.html
Financial Calculators,Lease Calculator,lease-calculator.html,https://uti-mate.com/lease-calculator.html
Financial Calculators,Refinance Calculator,refinance-calculator.html,https://uti-mate.com/refinance-calculator.html
Financial Calculators,Budget Calculator,budget-calculator.html,https://uti-mate.com/budget-calculator.html
Financial Calculators,Rental Property Calculator,rental-property-calculator.html,https://uti-mate.com/rental-property-calculator.html
Financial Calculators,IRR Calculator,irr-calculator.html,https://uti-mate.com/irr-calculator.html
Financial Calculators,ROI Calculator,roi-calculator.html,https://uti-mate.com/roi-calculator.html
Financial Calculators,APR Calculator,apr-calculator.html,https://uti-mate.com/apr-calculator.html
Financial Calculators,FHA Loan Calculator,fha-loan-calculator.html,https://uti-mate.com/fha-loan-calculator.html
Financial Calculators,VA Mortgage Calculator,va-mortgage-calculator.html,https://uti-mate.com/va-mortgage-calculator.html
Financial Calculators,Home Equity Loan Calculator,home-equity-loan-calculator.html,https://uti-mate.com/home-equity-loan-calculator.html
Financial Calculators,HELOC Calculator,heloc-calculator.html,https://uti-mate.com/heloc-calculator.html
Financial Calculators,Down Payment Calculator,down-payment-calculator.html,https://uti-mate.com/down-payment-calculator.html
Financial Calculators,Rent vs. Buy Calculator,rent-vs-buy-calculator.html,https://uti-mate.com/rent-vs-buy-calculator.html
Financial Calculators,Payback Period Calculator,payback-period-calculator.html,https://uti-mate.com/payback-period-calculator.html
Financial Calculators,Present Value Calculator,present-value-calculator.html,https://uti-mate.com/present-value-calculator.html
Financial Calculators,Future Value Calculator,future-value-calculator.html,https://uti-mate.com/future-value-calculator.html
Financial Calculators,Commission Calculator,commission-calculator.html,https://uti-mate.com/commission-calculator.html
Financial Calculators,Mortgage Calculator UK,mortgage-calculator-uk.html,https://uti-mate.com/mortgage-calculator-uk.html
Financial Calculators,Canadian Mortgage Calculator,canadian-mortgage-calculator.html,https://uti-mate.com/canadian-mortgage-calculator.html
Financial Calculators,Mortgage Amortization Calculator,mortgage-amortization-calculator.html,https://uti-mate.com/mortgage-amortization-calculator.html
Financial Calculators,Percent Off Calculator,percent-off-calculator.html,https://uti-mate.com/percent-off-calculator.html
Fitness and Health Calculators,Calorie Calculator,calorie-calculator.html,https://uti-mate.com/calorie-calculator.html
Fitness and Health Calculators,Body Fat Calculator,body-fat-calculator.html,https://uti-mate.com/body-fat-calculator.html
Fitness and Health Calculators,BMR Calculator,bmr-calculator.html,https://uti-mate.com/bmr-calculator.html
Fitness and Health Calculators,Macro Calculator,macro-calculator.html,https://uti-mate.com/macro-calculator.html
Fitness and Health Calculators,Ideal Weight Calculator,ideal-weight-calculator.html,https://uti-mate.com/ideal-weight-calculator.html
Fitness and Health Calculators,Pregnancy Calculator,pregnancy-calculator.html,https://uti-mate.com/pregnancy-calculator.html
Fitness and Health Calculators,Pregnancy Weight Gain Calculator,pregnancy-weight-gain-calculator.html,https://uti-mate.com/pregnancy-weight-gain-calculator.html
Fitness and Health Calculators,Pregnancy Conception Calculator,pregnancy-conception-calculator.html,https://uti-mate.com/pregnancy-conception-calculator.html
Fitness and Health Calculators,Due Date Calculator,due-date-calculator.html,https://uti-mate.com/due-date-calculator.html
Fitness and Health Calculators,Pace Calculator,pace-calculator.html,https://uti-mate.com/pace-calculator.html
Fitness and Health Calculators,Army Body Fat Calculator,army-body-fat-calculator.html,https://uti-mate.com/army-body-fat-calculator.html
Fitness and Health Calculators,Carbohydrate Calculator,carbohydrate-calculator.html,https://uti-mate.com/carbohydrate-calculator.html
Fitness and Health Calculators,Lean Body Mass Calculator,lean-body-mass-calculator.html,https://uti-mate.com/lean-body-mass-calculator.html
Fitness and Health Calculators,Healthy Weight Calculator,healthy-weight-calculator.html,https://uti-mate.com/healthy-weight-calculator.html
Fitness and Health Calculators,Calories Burned Calculator,calories-burned-calculator.html,https://uti-mate.com/calories-burned-calculator.html
Fitness and Health Calculators,One Rep Max Calculator,one-rep-max-calculator.html,https://uti-mate.com/one-rep-max-calculator.html
Fitness and Health Calculators,Target Heart Rate Calculator,target-heart-rate-calculator.html,https://uti-mate.com/target-heart-rate-calculator.html
Fitness and Health Calculators,Protein Calculator,protein-calculator.html,https://uti-mate.com/protein-calculator.html
Fitness and Health Calculators,Fat Intake Calculator,fat-intake-calculator.html,https://uti-mate.com/fat-intake-calculator.html
Fitness and Health Calculators,TDEE Calculator,tdee-calculator.html,https://uti-mate.com/tdee-calculator.html
Fitness and Health Calculators,Ovulation Calculator,ovulation-calculator.html,https://uti-mate.com/ovulation-calculator.html
Fitness and Health Calculators,Conception Calculator,conception-calculator.html,https://uti-mate.com/conception-calculator.html
Fitness and Health Calculators,Period Calculator,period-calculator.html,https://uti-mate.com/period-calculator.html
Fitness and Health Calculators,GFR Calculator,gfr-calculator.html,https://uti-mate.com/gfr-calculator.html
Fitness and Health Calculators,Body Type Calculator,body-type-calculator.html,https://uti-mate.com/body-type-calculator.html
Fitness and Health Calculators,Body Surface Area Calculator,body-surface-area-calculator.html,https://uti-mate.com/body-surface-area-calculator.html
Fitness and Health Calculators,BAC Calculator,bac-calculator.html,https://uti-mate.com/bac-calculator.html
Fitness and Health Calculators,Anorexic BMI Calculator,anorexic-bmi-calculator.html,https://uti-mate.com/anorexic-bmi-calculator.html
Fitness and Health Calculators,Weight Watcher Points Calculator,weight-watcher-points-calculator.html,https://uti-mate.com/weight-watcher-points-calculator.html
Fitness and Health Calculators,Overweight Calculator,overweight-calculator.html,https://uti-mate.com/overweight-calculator.html
Math Calculators,Scientific Calculator,scientific-calculator.html,https://uti-mate.com/scientific-calculator.html
Math Calculators,Fraction Calculator,fraction-calculator.html,https://uti-mate.com/fraction-calculator.html
Math Calculators,Triangle Calculator,triangle-calculator.html,https://uti-mate.com/triangle-calculator.html
Math Calculators,Volume Calculator,volume-calculator.html,https://uti-mate.com/volume-calculator.html
Math Calculators,Standard Deviation Calculator,standard-deviation-calculator.html,https://uti-mate.com/standard-deviation-calculator.html
Math Calculators,Random Number Generator,random-number-generator.html,https://uti-mate.com/random-number-generator.html
Math Calculators,Number Sequence Calculator,number-sequence-calculator.html,https://uti-mate.com/number-sequence-calculator.html
Math Calculators,Percent Error Calculator,percent-error-calculator.html,https://uti-mate.com/percent-error-calculator.html
Math Calculators,Exponent Calculator,exponent-calculator.html,https://uti-mate.com/exponent-calculator.html
Math Calculators,Binary Calculator,binary-calculator.html,https://uti-mate.com/binary-calculator.html
Math Calculators,Hex Calculator,hex-calculator.html,https://uti-mate.com/hex-calculator.html
Math Calculators,Half-Life Calculator,half-life-calculator.html,https://uti-mate.com/half-life-calculator.html
Math Calculators,Quadratic Formula Calculator,quadratic-formula-calculator.html,https://uti-mate.com/quadratic-formula-calculator.html
Math Calculators,Slope Calculator,slope-calculator.html,https://uti-mate.com/slope-calculator.html
Math Calculators,Log Calculator,log-calculator.html,https://uti-mate.com/log-calculator.html
Math Calculators,Area Calculator,area-calculator.html,https://uti-mate.com/area-calculator.html
Math Calculators,Sample Size Calculator,sample-size-calculator.html,https://uti-mate.com/sample-size-calculator.html
Math Calculators,Probability Calculator,probability-calculator.html,https://uti-mate.com/probability-calculator.html
Math Calculators,Statistics Calculator,statistics-calculator.html,https://uti-mate.com/statistics-calculator.html
Math Calculators,"Mean, Median, Mode, Range Calculator",mean-median-mode-range-calculator.html,https://uti-mate.com/mean-median-mode-range-calculator.html
Math Calculators,Permutation and Combination Calculator,permutation-and-combination-calculator.html,https://uti-mate.com/permutation-and-combination-calculator.html
Math Calculators,Z-score Calculator,z-score-calculator.html,https://uti-mate.com/z-score-calculator.html
Math Calculators,Confidence Interval Calculator,confidence-interval-calculator.html,https://uti-mate.com/confidence-interval-calculator.html
Math Calculators,Ratio Calculator,ratio-calculator.html,https://uti-mate.com/ratio-calculator.html
Math Calculators,Distance Calculator,distance-calculator.html,https://uti-mate.com/distance-calculator.html
Math Calculators,Circle Calculator,circle-calculator.html,https://uti-mate.com/circle-calculator.html
Math Calculators,Surface Area Calculator,surface-area-calculator.html,https://uti-mate.com/surface-area-calculator.html
Math Calculators,Pythagorean Theorem Calculator,pythagorean-theorem-calculator.html,https://uti-mate.com/pythagorean-theorem-calculator.html
Math Calculators,Right Triangle Calculator,right-triangle-calculator.html,https://uti-mate.com/right-triangle-calculator.html
Math Calculators,Root Calculator,root-calculator.html,https://uti-mate.com/root-calculator.html
Math Calculators,Least Common Multiple Calculator,least-common-multiple-calculator.html,https://uti-mate.com/least-common-multiple-calculator.html
Math Calculators,Greatest Common Factor Calculator,greatest-common-factor-calculator.html,https://uti-mate.com/greatest-common-factor-calculator.html
Math Calculators,Factor Calculator,factor-calculator.html,https://uti-mate.com/factor-calculator.html
Math Calculators,Rounding Calculator,rounding-calculator.html,https://uti-mate.com/rounding-calculator.html
Math Calculators,Matrix Calculator,matrix-calculator.html,https://uti-mate.com/matrix-calculator.html
Math Calculators,Scientific Notation Calculator,scientific-notation-calculator.html,https://uti-mate.com/scientific-notation-calculator.html
Math Calculators,Big Number Calculator,big-number-calculator.html,https://uti-mate.com/big-number-calculator.html
Math Calculators,Prime Factorization Calculator,prime-factorization-calculator.html,https://uti-mate.com/prime-factorization-calculator.html
Math Calculators,Common Factor Calculator,common-factor-calculator.html,https://uti-mate.com/common-factor-calculator.html
Math Calculators,Basic Calculator,basic-calculator.html,https://uti-mate.com/basic-calculator.html
Math Calculators,Long Division Calculator,long-division-calculator.html,https://uti-mate.com/long-division-calculator.html
Math Calculators,Average Calculator,average-calculator.html,https://uti-mate.com/average-calculator.html
Math Calculators,P-value Calculator,p-value-calculator.html,https://uti-mate.com/p-value-calculator.html
Math Calculators,Decimal Calculator,decimal-calculator.html,https://uti-mate.com/decimal-calculator.html
Math Calculators,Algebra Calculator,algebra-calculator.html,https://uti-mate.com/algebra-calculator.html
Math Calculators,Equation Solver,equation-solver.html,https://uti-mate.com/equation-solver.html
Math Calculators,Unit Rate Calculator,unit-rate-calculator.html,https://uti-mate.com/unit-rate-calculator.html
Math Calculators,Modulo Calculator,modulo-calculator.html,https://uti-mate.com/modulo-calculator.html
Other Calculators,Time Calculator,time-calculator.html,https://uti-mate.com/time-calculator.html
Other Calculators,Hours Calculator,hours-calculator.html,https://uti-mate.com/hours-calculator.html
Other Calculators,GPA Calculator,gpa-calculator.html,https://uti-mate.com/gpa-calculator.html
Other Calculators,Grade Calculator,grade-calculator.html,https://uti-mate.com/grade-calculator.html
Other Calculators,Height Calculator,height-calculator.html,https://uti-mate.com/height-calculator.html
Other Calculators,Concrete Calculator,concrete-calculator.html,https://uti-mate.com/concrete-calculator.html
Other Calculators,IP Subnet Calculator,ip-subnet-calculator.html,https://uti-mate.com/ip-subnet-calculator.html
Other Calculators,Bra Size Calculator,bra-size-calculator.html,https://uti-mate.com/bra-size-calculator.html
Other Calculators,Dice Roller,dice-roller.html,https://uti-mate.com/dice-roller.html
Other Calculators,Conversion Calculator,conversion-calculator.html,https://uti-mate.com/conversion-calculator.html
Other Calculators,Fuel Cost Calculator,fuel-cost-calculator.html,https://uti-mate.com/fuel-cost-calculator.html
Other Calculators,Voltage Drop Calculator,voltage-drop-calculator.html,https://uti-mate.com/voltage-drop-calculator.html
Other Calculators,BTU Calculator,btu-calculator.html,https://uti-mate.com/btu-calculator.html
Other Calculators,Square Footage Calculator,square-footage-calculator.html,https://uti-mate.com/square-footage-calculator.html
Other Calculators,Time Card Calculator,time-card-calculator.html,https://uti-mate.com/time-card-calculator.html
Other Calculators,Time Zone Calculator,time-zone-calculator.html,https://uti-mate.com/time-zone-calculator.html
Other Calculators,Love Calculator,love-calculator.html,https://uti-mate.com/love-calculator.html
Other Calculators,GDP Calculator,gdp-calculator.html,https://uti-mate.com/gdp-calculator.html
Other Calculators,Gas Mileage Calculator,gas-mileage-calculator.html,https://uti-mate.com/gas-mileage-calculator.html
Other Calculators,Horsepower Calculator,horsepower-calculator.html,https://uti-mate.com/horsepower-calculator.html
Other Calculators,Engine Horsepower Calculator,engine-horsepower-calculator.html,https://uti-mate.com/engine-horsepower-calculator.html
Other Calculators,Stair Calculator,stair-calculator.html,https://uti-mate.com/stair-calculator.html
Other Calculators,Resistor Calculator,resistor-calculator.html,https://uti-mate.com/resistor-calculator.html
Other Calculators,Ohms Law Calculator,ohms-law-calculator.html,https://uti-mate.com/ohms-law-calculator.html
Other Calculators,Electricity Calculator,electricity-calculator.html,https://uti-mate.com/electricity-calculator.html
Other Calculators,Shoe Size Conversion,shoe-size-conversion.html,https://uti-mate.com/shoe-size-conversion.html
Other Calculators,Mileage Calculator,mileage-calculator.html,https://uti-mate.com/mileage-calculator.html
Other Calculators,Density Calculator,density-calculator.html,https://uti-mate.com/density-calculator.html
Other Calculators,Mass Calculator,mass-calculator.html,https://uti-mate.com/mass-calculator.html
Other Calculators,Weight Calculator,weight-calculator.html,https://uti-mate.com/weight-calculator.html
Other Calculators,Speed Calculator,speed-calculator.html,https://uti-mate.com/speed-calculator.html
Other Calculators,Molarity Calculator,molarity-calculator.html,https://uti-mate.com/molarity-calculator.html
Other Calculators,Molecular Weight Calculator,molecular-weight-calculator.html,https://uti-mate.com/molecular-weight-calculator.html
Other Calculators,Roman Numeral Converter,roman-numeral-converter.html,https://uti-mate.com/roman-numeral-converter.html
Other Calculators,Golf Handicap Calculator,golf-handicap-calculator.html,https://uti-mate.com/golf-handicap-calculator.html
Other Calculators,Sleep Calculator,sleep-calculator.html,https://uti-mate.com/sleep-calculator.html
Other Calculators,Tire Size Calculator,tire-size-calculator.html,https://uti-mate.com/tire-size-calculator.html
Other Calculators,Roofing Calculator,roofing-calculator.html,https://uti-mate.com/roofing-calculator.html
Other Calculators,Tile Calculator,tile-calculator.html,https://uti-mate.com/tile-calculator.html
Other Calculators,Mulch Calculator,mulch-calculator.html,https://uti-mate.com/mulch-calculator.html
Other Calculators,Gravel Calculator,gravel-calculator.html,https://uti-mate.com/gravel-calculator.html
Other Calculators,Wind Chill Calculator,wind-chill-calculator.html,https://uti-mate.com/wind-chill-calculator.html
Other Calculators,Heat Index Calculator,heat-index-calculator.html,https://uti-mate.com/heat-index-calculator.html
Other Calculators,Dew Point Calculator,dew-point-calculator.html,https://uti-mate.com/dew-point-calculator.html
Other Calculators,Bandwidth Calculator,bandwidth-calculator.html,https://uti-mate.com/bandwidth-calculator.html
Other Calculators,Base64 Encode / Decode,base64-encode-decode.html,https://uti-mate.com/base64-encode-decode.html
Other Calculators,URL Encode / Decode,url-encode-decode.html,https://uti-mate.com/url-encode-decode.html
Other Calculators,Day Counter,day-counter.html,https://uti-mate.com/day-counter.html
Other Calculators,Day of the Week Calculator,day-of-the-week-calculator.html,https://uti-mate.com/day-of-the-week-calculator.html
PDF Pack,Compress PDF,compress-pdf.html,https://uti-mate.com/compress-pdf.html
PDF Pack,Split PDF,split-pdf.html,https://uti-mate.com/split-pdf.html
PDF Pack,Rotate PDF,rotate-pdf.html,https://uti-mate.com/rotate-pdf.html
PDF Pack,PDF to JPG,pdf-to-jpg.html,https://uti-mate.com/pdf-to-jpg.html
PDF Pack,JPG to PDF,jpg-to-pdf.html,https://uti-mate.com/jpg-to-pdf.html
PDF Pack,Add Watermark to PDF,add-watermark-to-pdf.html,https://uti-mate.com/add-watermark-to-pdf.html
PDF Pack,Add Page Numbers to PDF,add-page-numbers-to-pdf.html,https://uti-mate.com/add-page-numbers-to-pdf.html
PDF Pack,Protect PDF,protect-pdf.html,https://uti-mate.com/protect-pdf.html
PDF Pack,Unlock PDF,unlock-pdf.html,https://uti-mate.com/unlock-pdf.html
PDF Pack,Organize PDF,organize-pdf.html,https://uti-mate.com/organize-pdf.html
Tools Pack,Student Pack,student-pack.html,https://uti-mate.com/student-pack.html
Tools Pack,Creator Pack,creator-pack.html,https://uti-mate.com/creator-pack.html
Tools Pack,Business Pack,business-pack.html,https://uti-mate.com/business-pack.html
Tools Pack,Developer Pack,developer-pack.html,https://uti-mate.com/developer-pack.html
Tools Pack,PDF Pack,pdf-pack.html,https://uti-mate.com/pdf-pack.html
Tools Pack,Image Pack,image-pack.html,https://uti-mate.com/image-pack.html
Tools Pack,Fun Pack,fun-pack.html,https://uti-mate.com/fun-pack.html
PDF Pack,PDF to Excel OCR,pdf-to-excel.html,https://uti-mate.com/pdf-to-excel.html
